EM,Bins
0.01505734369219386,5
0.05297817240103589,15
0.09411764705882353,26
0.13166851646318906,36
0.17328893821679617,46
0.20418054014058454,56
0.2485756566777655,67
0.2993340732519423,77
0.3321124676285609,87
0.3789863115057344,97
0.41487236403995564,108
0.4487976322604514,118
0.48220495745468,128
0.5310765815760267,138
0.5879763226045136,149
0.6122086570477249,159
0.6830558638549761,169
0.730299667036626,179
0.7729189789123198,190
0.8017758046614873,200
